InternetService,0,1
DSL,0.8104089219330854,0.1895910780669145
Fiber optic,0.5810723514211886,0.4189276485788114
No,0.9259501965923984,0.07404980340760157
