gender,0,1
Female,0.7307912844036697,0.26920871559633025
Male,0.7383966244725738,0.2616033755274262
